Datetime,Water Level (m)
2025-04-18 12:00:00,0.7235325
2025-04-18 13:00:00,0.7826918
2025-04-18 14:00:00,0.6142243
2025-04-18 15:00:00,0.38180375
2025-04-18 16:00:00,0.16538316
2025-04-18 17:00:00,-0.03322311
2025-04-18 18:00:00,-0.23135768
2025-04-18 19:00:00,-0.3965182
2025-04-18 20:00:00,-0.48645037
2025-04-18 21:00:00,-0.3759931
2025-04-18 22:00:00,-0.08956088
2025-04-18 23:00:00,0.17876448
2025-04-19 00:00:00,0.38492563
2025-04-19 01:00:00,0.44497713
2025-04-19 02:00:00,0.3677402
2025-04-19 03:00:00,0.1650994
2025-04-19 04:00:00,-0.02454386
2025-04-19 05:00:00,-0.20264469
2025-04-19 06:00:00,-0.3683102
2025-04-19 07:00:00,-0.49679244
2025-04-19 08:00:00,-0.5522362
2025-04-19 09:00:00,-0.33779603
2025-04-19 10:00:00,-0.039546072
2025-04-19 11:00:00,0.28568143
2025-04-19 12:00:00,0.5841811
2025-04-19 13:00:00,0.78999543
2025-04-19 14:00:00,0.80568606
2025-04-19 15:00:00,0.6157461
2025-04-19 16:00:00,0.37550533
2025-04-19 17:00:00,0.16694297
2025-04-19 18:00:00,-0.019375678
2025-04-19 19:00:00,-0.20431793
2025-04-19 20:00:00,-0.3500388
2025-04-19 21:00:00,-0.4235202
2025-04-19 22:00:00,-0.34090748
2025-04-19 23:00:00,-0.11260538
2025-04-20 00:00:00,0.13074262
2025-04-20 01:00:00,0.3253333
2025-04-20 02:00:00,0.38960359
2025-04-20 03:00:00,0.33624417
2025-04-20 04:00:00,0.16648503
2025-04-20 05:00:00,-0.012897831
2025-04-20 06:00:00,-0.1803118
2025-04-20 07:00:00,-0.3314549
2025-04-20 08:00:00,-0.44288883
2025-04-20 09:00:00,-0.4614382
2025-04-20 10:00:00,-0.24683133
2025-04-20 11:00:00,0.002151124
2025-04-20 12:00:00,0.29713243
2025-04-20 13:00:00,0.5676763
2025-04-20 14:00:00,0.7604637
2025-04-20 15:00:00,0.79991543
2025-04-20 16:00:00,0.6662633
2025-04-20 17:00:00,0.4371094
2025-04-20 18:00:00,0.22401364
2025-04-20 19:00:00,0.041548453
2025-04-20 20:00:00,-0.13825606
2025-04-20 21:00:00,-0.29649624
2025-04-20 22:00:00,-0.3932135
2025-04-20 23:00:00,-0.38580447
2025-04-21 00:00:00,-0.20246421
2025-04-21 01:00:00,0.012442375
2025-04-21 02:00:00,0.21855187
2025-04-21 03:00:00,0.30261692
2025-04-21 04:00:00,0.29265082
2025-04-21 05:00:00,0.18087687
2025-04-21 06:00:00,0.032581605
2025-04-21 07:00:00,-0.1181057
2025-04-21 08:00:00,-0.24879761
2025-04-21 09:00:00,-0.3540522
2025-04-21 10:00:00,-0.4038599
2025-04-21 11:00:00,-0.3172994
2025-04-21 12:00:00,-0.111117736
2025-04-21 13:00:00,0.15070745
2025-04-21 14:00:00,0.44056433
2025-04-21 15:00:00,0.6536553
2025-04-21 16:00:00,0.75839067
2025-04-21 17:00:00,0.69537616
2025-04-21 18:00:00,0.49628642
2025-04-21 19:00:00,0.28163865
2025-04-21 20:00:00,0.09475188
2025-04-21 21:00:00,-0.08013178
2025-04-21 22:00:00,-0.25099975
2025-04-21 23:00:00,-0.37056237
2025-04-22 00:00:00,-0.42714453
2025-04-22 01:00:00,-0.3231361
2025-04-22 02:00:00,-0.10149972
2025-04-22 03:00:00,0.15236437
2025-04-22 04:00:00,0.35027796
2025-04-22 05:00:00,0.4346435
2025-04-22 06:00:00,0.41638362
2025-04-22 07:00:00,0.2705218
2025-04-22 08:00:00,0.08815143
2025-04-22 09:00:00,-0.07129399
2025-04-22 10:00:00,-0.20901042
2025-04-22 11:00:00,-0.32421127
2025-04-22 12:00:00,-0.33544624
2025-04-22 13:00:00,-0.16132417
2025-04-22 14:00:00,0.07110914
2025-04-22 15:00:00,0.37200156
2025-04-22 16:00:00,0.6548713
2025-04-22 17:00:00,0.8401417
2025-04-22 18:00:00,0.86438495
2025-04-22 19:00:00,0.7166038
2025-04-22 20:00:00,0.48163894
2025-04-22 21:00:00,0.26147327
2025-04-22 22:00:00,0.07233084
2025-04-22 23:00:00,-0.11137752
2025-04-23 00:00:00,-0.27024958
2025-04-23 01:00:00,-0.34890962
2025-04-23 02:00:00,-0.22738408
2025-04-23 03:00:00,0.058975566
2025-04-23 04:00:00,0.3713713
2025-04-23 05:00:00,0.6362796
2025-04-23 06:00:00,0.7813638
2025-04-23 07:00:00,0.7803349
2025-04-23 08:00:00,0.5941056
2025-04-23 09:00:00,0.36259007
2025-04-23 10:00:00,0.1613692
2025-04-23 11:00:00,-0.011151816
2025-04-23 12:00:00,-0.18710887
2025-04-23 13:00:00,-0.28815845
2025-04-23 14:00:00,-0.14608432
2025-04-23 15:00:00,0.14110215
2025-04-23 16:00:00,0.48232472
2025-04-23 17:00:00,0.8254211
2025-04-23 18:00:00,1.0437552
2025-04-23 19:00:00,1.0908213
2025-04-23 20:00:00,0.908948
2025-04-23 21:00:00,0.62791747
2025-04-23 22:00:00,0.38440597
2025-04-23 23:00:00,0.17873335
2025-04-24 00:00:00,-0.028633839
2025-04-24 01:00:00,-0.20442411
2025-04-24 02:00:00,-0.30247322
2025-04-24 03:00:00,-0.10900009
2025-04-24 04:00:00,0.23907821
2025-04-24 05:00:00,0.6212797
2025-04-24 06:00:00,0.922115
2025-04-24 07:00:00,1.0746132
2025-04-24 08:00:00,1.0329697
2025-04-24 09:00:00,0.78243756
2025-04-24 10:00:00,0.51431584
2025-04-24 11:00:00,0.29210636
2025-04-24 12:00:00,0.0843373
